SaveID,UserID,PrayerID,Timestamp
930,"Jacen Derulo",635,"2023-12-11 15:45:22"
193,"Tristian Hogia",346,"2023-12-10 8:12:55"
830,"Dracula Ibrah ",678,"2023-12-09 18:20:10"
111,"Zache Elvis",531,"2023-12-08 12:40:30"
849,"Preston Presley",527,"2023-12-07 21:05:15"
847,"Cemore Butts",863,"2023-12-06 6:55:40"
833,"Starla Hilda",745,"2023-12-05 14:22:18"
456,"Hoggarth Hughs",671,"2023-12-04 11:10:05"
913,"Paul Dean",579,"2023-12-03 17:33:45"
911,"Greg Nichols ",111,"2023-12-02 23:58:30"
840,"Robbie Rotten",746,"2023-12-01 10:15:20"
457,"David Hicks",345,"2023-11-30 7:42:08"
853,"Robbie Maples",835,"2023-11-29 19:50:25"
732,"Simon Rielly ",974,"2023-11-28 13:18:55"
